Strike_R,Strike_R,Strike_R,Strike_R,Strike_R,Defend_R,Defend_R,Defend_R,Defend_R,Bash,Shrug It Off,Reaper,Sword Boomerang,Feel No Pain,Whirlwind,Dropkick,Thunderclap,Fiend Fire,Demon Form,Iron Wave,Rage,Juggernaut,True Grit,Whirlwind,True Grit,Double Tap,Cleave,Headbutt
Strike_R,Strike_R,Strike_R,Strike_R,Strike_R,Defend_R,Defend_R,Defend_R,Defend_R,Bash,Twin Strike,Armaments,Flame Barrier,Reaper,Shrug It Off,Heavy Blade,Flex,Demon Form,Iron Wave,Rage,Flame Barrier,Armaments,Whirlwind,Shrug It Off,Intimidate
Strike_R,Strike_R,Strike_R,Strike_R,Strike_R,Defend_R,Defend_R,Defend_R,Defend_R,Bash,Iron Wave,True Grit,Offering,Rampage,Cleave,Metallicize,Cleave,Armaments,Body Slam,Berserk,Second Wind,Thunderclap,Doubt,Bash,Flame Barrier,Twin Strike,Uppercut,Cleave
Strike_R,Strike_R,Strike_R,Strike_R,Strike_R,Defend_R,Defend_R,Defend_R,Defend_R,Bash,Flex,Burning Pact,Pommel Strike,Bash,Madness,Iron Wave,Perfected Strike,Sword Boomerang,Shrug It Off,Heavy Blade,Uppercut,Berserk,True Grit,Body Slam,Rage,Armaments,Cleave,Thunderclap,Armaments,Flame Barrier,Whirlwind
Strike_R,Strike_R,Strike_R,Strike_R,Strike_R,Defend_R,Defend_R,Defend_R,Defend_R,Bash,Double Tap,Armaments,Flex,Battle Trance,Shrug It Off,Jack Of All Trades,Iron Wave,Whirlwind,Flame Barrier,Impervious,Berserk
Strike_R,Strike_R,Strike_R,Strike_R,Strike_R,Defend_R,Defend_R,Defend_R,Defend_R,Bash,Whirlwind,Iron Wave,Perfected Strike,True Grit,Barricade,Cleave,Shrug It Off,Thunderclap,Juggernaut,Fire Breathing,Battle Trance,Armaments,Thunderclap,Dropkick
Strike_R,Strike_R,Strike_R,Strike_R,Defend_R,Defend_R,Defend_R,Bash,Flex,Metallicize,Shrug It Off,Thunderclap,Hemokinesis,Demon Form,Battle Trance,Reaper,Iron Wave,Intimidate,Battle Trance,Perfected Strike,Perfected Strike,Armaments,Whirlwind,Shrug It Off
Strike_R,Strike_R,Strike_R,Strike_R,Strike_R,Defend_R,Defend_R,Defend_R,Defend_R,Bash,Sword Boomerang,Infernal Blade,Anger,Flex,Perfected Strike,Metallicize,Seeing Red,Juggernaut,Cleave,Iron Wave,Body Slam,Infernal Blade,Twin Strike
Strike_R,Strike_R,Strike_R,Defend_R,Defend_R,Defend_R,Defend_R,Bash,Sword Boomerang,Infernal Blade,Twin Strike,Iron Wave,Uppercut,Sword Boomerang,Clothesline,Offering,Shrug It Off,Feed,Cleave,Body Slam,Seeing Red,Armaments,Cleave,Perfected Strike,Blood for Blood
Strike_R,Strike_R,Strike_R,Defend_R,Defend_R,Defend_R,Defend_R,Bash,Heavy Blade,Flex,Iron Wave,Clash,Feed,Sword Boomerang,Anger
Strike_R,Strike_R,Strike_R,Strike_R,Defend_R,Defend_R,Defend_R,Defend_R,Bash,Thunderclap,Shrug It Off,Immolate
Strike_R,Strike_R,Strike_R,Strike_R,Defend_R,Defend_R,Defend_R,Defend_R,Bash,Sword Boomerang,Perfected Strike,Flame Barrier,True Grit,Cleave,Shrug It Off,Flex
Strike_R,Strike_R,Strike_R,Strike_R,Defend_R,Defend_R,Defend_R,Defend_R,Bash,Pommel Strike,Metallicize,Body Slam,Sword Boomerang,Doubt
Strike_R,Strike_R,Defend_R,Defend_R,Defend_R,Defend_R,Bash,Pommel Strike,Headbutt,Iron Wave,Flame Barrier,Cleave,Battle Trance,Clash,Flex,Sword Boomerang,Shrug It Off,Mind Blast,Double Tap,Seeing Red,True Grit,Thunderclap,Dramatic Entrance,Feed,Shrug It Off
Strike_R,Strike_R,Strike_R,Strike_R,Defend_R,Defend_R,Defend_R,Defend_R,Bash,Flame Barrier,Metallicize,Mind Blast,Twin Strike,Pommel Strike,Combust,Heavy Blade,Pommel Strike,Shrug It Off,Sword Boomerang,Infernal Blade,Thunderclap,Juggernaut,Cleave,Dual Wield,Rampage,Iron Wave,Cleave,Metallicize,Rampage
Strike_R,Strike_R,Defend_R,Defend_R,Defend_R,Defend_R,Bash,Perfected Strike,Clothesline,Flex,Thunderclap,Cleave,Iron Wave,Reaper,Shockwave,Berserk,Metallicize,True Grit,Armaments,Barricade,Shrug It Off,Double Tap,Madness,Madness,Metallicize,Fire Breathing
Strike_R,Strike_R,Strike_R,Strike_R,Strike_R,Defend_R,Defend_R,Defend_R,Defend_R,Bash,Shrug It Off,Thunderclap,Perfected Strike,Fire Breathing,Juggernaut,Twin Strike,Barricade,Metallicize
Strike_R,Strike_R,Strike_R,Strike_R,Strike_R,Defend_R,Defend_R,Defend_R,Defend_R,Bash,Heavy Blade,Battle Trance,Twin Strike,Double Tap,Twin Strike,Cleave,Iron Wave,Barricade,Armaments,Body Slam,Apotheosis
Strike_R,Strike_R,Strike_R,Strike_R,Strike_R,Defend_R,Defend_R,Defend_R,Defend_R,Bash
Strike_R,Strike_R,Strike_R,Strike_R,Defend_R,Defend_R,Defend_R,Defend_R,Bash,Inflame,Whirlwind,Twin Strike,Armaments,Thunderclap,Flex,Iron Wave,Limit Break,Clothesline,Bludgeon,Infernal Blade,Iron Wave
Strike_R,Strike_R,Strike_R,Strike_R,Strike_R,Defend_R,Defend_R,Defend_R,Defend_R,Bash,Whirlwind,Cleave,Shrug It Off,True Grit,Pommel Strike,Body Slam,Berserk,Seeing Red,Thunderclap,Iron Wave
Strike_R,Strike_R,Strike_R,Strike_R,Defend_R,Defend_R,Defend_R,Defend_R,Bash,Intimidate,Bludgeon,Flex,Fire Breathing,Whirlwind,Metallicize,Reaper,Perfected Strike,Armaments,Pommel Strike,Rage,Flame Barrier
Strike_R,Strike_R,Strike_R,Strike_R,Defend_R,Defend_R,Defend_R,Defend_R,Bash,Flame Barrier,Iron Wave,Shrug It Off,Bludgeon,Inflame,Shrug It Off,Iron Wave,Sword Boomerang,Limit Break,Thunderclap,Armaments,Body Slam,Dropkick,Intimidate,Uppercut,Reaper,Feed,Metallicize,Madness,Madness,Iron Wave,Metallicize,Whirlwind
Strike_R,Strike_R,Strike_R,Strike_R,Defend_R,Defend_R,Defend_R,Defend_R,Bash,Cleave,Shrug It Off,Spot Weakness,Shrug It Off,Apotheosis,Sword Boomerang,Demon Form,Infernal Blade,Flame Barrier,J.A.X.,Intimidate,Heavy Blade,Battle Trance,Limit Break,Heavy Blade,Madness,Madness
Strike_R,Strike_R,Strike_R,Defend_R,Defend_R,Defend_R,Defend_R,Bash,Body Slam,Heavy Blade,Shrug It Off,Inflame,Combust,Headbutt,Cleave,Clothesline,Barricade,Armaments,Rage,Reaper,Armaments,Flex
Strike_R,Strike_R,Strike_R,Strike_R,Strike_R,Defend_R,Defend_R,Defend_R,Defend_R,Bash,Heavy Blade,Flex,Shrug It Off,Cleave,Pommel Strike,Clothesline,Fire Breathing,Seeing Red,Spot Weakness,Reaper,Juggernaut,Flame Barrier
Strike_R,Strike_R,Defend_R,Defend_R,Defend_R,Defend_R,Bash,Whirlwind,Clothesline,Seeing Red,Armaments,Feed,Bludgeon,Dropkick,Double Tap,Inflame,Iron Wave,True Grit
Strike_R,Strike_R,Strike_R,Strike_R,Defend_R,Defend_R,Defend_R,Bash,Thunderclap,Cleave,Shrug It Off,Clothesline,Impervious,Flex,Shrug It Off,Jack Of All Trades,Inflame,Shrug It Off,Reaper,Armaments,Reaper,Heavy Blade,Metallicize,Fire Breathing,Spot Weakness,Reaper,Seeing Red,Bash,Iron Wave,Sword Boomerang,Writhe
Strike_R,Strike_R,Strike_R,Defend_R,Defend_R,Defend_R,Defend_R,Bash,Rampage,Whirlwind,Rage,Headbutt,Iron Wave,Armaments,Body Slam,Infernal Blade,Impervious,Barricade
Strike_R,Strike_R,Strike_R,Defend_R,Defend_R,Defend_R,Defend_R,Bash,Whirlwind,Apotheosis,Thunderclap,Metallicize,Impervious,Cleave,Rampage,Demon Form,Uppercut,Pommel Strike,Inflame,Shockwave,Barricade,Reaper,Body Slam,Sentinel,Heavy Blade,Power Through,Armaments,Flame Barrier
Strike_R,Strike_R,Strike_R,Strike_R,Strike_R,Defend_R,Defend_R,Defend_R,Defend_R,Bash,Cleave
Strike_R,Strike_R,Strike_R,Strike_R,Defend_R,Defend_R,Defend_R,Defend_R,Bash,Iron Wave,Sword Boomerang
Strike_R,Strike_R,Strike_R,Strike_R,Defend_R,Defend_R,Defend_R,Defend_R,Bash,Hemokinesis,Flame Barrier,Dual Wield
Strike_R,Strike_R,Strike_R,Defend_R,Defend_R,Defend_R,Defend_R,Bash,Armaments,Flame Barrier,Whirlwind,Iron Wave,Carnage,Rampage,Juggernaut,Flex,Juggernaut,Reaper,Fire Breathing,Rage,Feed,Hemokinesis
Strike_R,Strike_R,Strike_R,Strike_R,Strike_R,Defend_R,Defend_R,Defend_R,Defend_R,Bash
Strike_R,Strike_R,Strike_R,Strike_R,Defend_R,Defend_R,Defend_R,Defend_R,Bash,Cleave,Spot Weakness,Armaments,Carnage,Twin Strike,Shrug It Off,Heavy Blade,Armaments,Whirlwind,Limit Break,Seeing Red,Metallicize,Clothesline,Shockwave,Intimidate,Ghostly Armor,Decay
Strike_R,Strike_R,Strike_R,Defend_R,Defend_R,Defend_R,Bash,Armaments,Shrug It Off,Infernal Blade,Blood for Blood,Armaments,Inflame,Thunderclap,Feed,Cleave,Flex,Fire Breathing,Barricade,Sword Boomerang,Metallicize,Clothesline,Madness,Madness
Strike_R,Strike_R,Defend_R,Defend_R,Defend_R,Bash,Searing Blow,Armaments,Ghostly Armor,Reckless Charge,Iron Wave,Disarm,Pommel Strike,Twin Strike,Whirlwind,Metallicize,Juggernaut,Flex,Necronomicurse,Whirlwind,Rampage,Rampage,Shrug It Off,Double Tap,Bludgeon,Intimidate,Heavy Blade,Ghostly Armor
Strike_R,Strike_R,Strike_R,Defend_R,Defend_R,Defend_R,Bash,Intimidate,Cleave,Seeing Red,Flame Barrier,Thunderclap,Reaper,Barricade,Ghostly Armor,Heavy Blade,Pommel Strike,Clothesline,Metallicize,Armaments,Metallicize,Infernal Blade,Iron Wave,Writhe,Whirlwind
Strike_R,Strike_R,Strike_R,Defend_R,Defend_R,Defend_R,Defend_R,Bash,Inflame,Uppercut,Havoc,Armaments,Limit Break,Carnage,Flex,Metallicize,Dramatic Entrance,Iron Wave,Intimidate,Second Wind,Anger,Shrug It Off,Heavy Blade,Havoc,Sever Soul,Clothesline,Reaper,Iron Wave,Madness,Madness
Strike_R,Strike_R,Defend_R,Defend_R,Defend_R,Defend_R,Bash,Twin Strike,Thunderclap,Flex,Whirlwind,Flame Barrier,Shrug It Off,Limit Break,Sword Boomerang,Wild Strike,Inflame,Rampage,Combust,Clash,Armaments,Heavy Blade,Ghostly Armor
Strike_R,Defend_R,Defend_R,Defend_R,Bash,Flex,Shockwave,Heavy Blade,Thunderclap,Pummel,Metallicize,Armaments,Limit Break,Whirlwind,Pummel,Feed,Shrug It Off,Infernal Blade,Flex,Flame Barrier,Spot Weakness,Mind Blast,Flame Barrier,Iron Wave,Demon Form,Iron Wave,Whirlwind,Power Through,Madness,Madness,Power Through,Ghostly Armor,Seeing Red,Inflame
Strike_R,Strike_R,Strike_R,Strike_R,Defend_R,Defend_R,Defend_R,Bash,Intimidate,Ghostly Armor,Reckless Charge,Armaments,Flame Barrier,Metallicize,Inflame,Barricade,Flex
Strike_R,Strike_R,Defend_R,Defend_R,Defend_R,Bash,Iron Wave,Inflame,Ghostly Armor,Iron Wave,Heavy Blade,Sword Boomerang,Feed,Uppercut,Necronomicurse,Heavy Blade,Flame Barrier,Battle Trance,Flex,Perfected Strike,Reaper,Clumsy,Clothesline,Seeing Red,Metallicize,Madness,Madness,Impervious,Clumsy,Power Through
Strike_R,Strike_R,Defend_R,Defend_R,Bash,Double Tap,Metallicize,Clothesline,Thunderclap,Rampage,Armaments,Heavy Blade,Disarm,Twin Strike,Reaper,Flex,Sentinel,Demon Form,Shrug It Off,Flame Barrier,Pommel Strike,Feed,Blind,Limit Break,Metallicize,Shockwave,Writhe,Impervious
Strike_R,Strike_R,Strike_R,Strike_R,Defend_R,Defend_R,Defend_R,Defend_R,Bash,Sword Boomerang,Battle Trance,Wild Strike,Shrug It Off,Bludgeon,Evolve,Wild Strike,Combust,Inflame,Iron Wave,Thunderclap,Metallicize,Iron Wave,Immolate,Ghostly Armor,Carnage
Strike_R,Strike_R,Strike_R,Defend_R,Defend_R,Defend_R,Bash,Shrug It Off,Whirlwind,Shrug It Off,Clothesline,Bloodletting,Metallicize,Reaper,Shrug It Off,Flex,Battle Trance,Headbutt,Iron Wave,Iron Wave,Whirlwind,Impervious,Cleave,Armaments,Heavy Blade,Infernal Blade,Demon Form
Strike_R,Strike_R,Strike_R,Strike_R,Defend_R,Defend_R,Defend_R,Bash,Clothesline,Double Tap,Pommel Strike,Cleave,Armaments,Flame Barrier,Juggernaut,Flame Barrier,Disarm,Evolve,Metallicize,Offering,Spot Weakness,Madness,Madness,Searing Blow,Wild Strike,Armaments
Strike_R,Strike_R,Defend_R,Defend_R,Defend_R,Bash,Double Tap,Uppercut,Twin Strike,Trip,Cleave,Thunderclap,Headbutt,Offering,Armaments,Iron Wave,Perfected Strike,Warcry,Shrug It Off,Inflame,Whirlwind,Finesse,Reaper,Ghostly Armor,Flex,Shrug It Off,Disarm,Rampage,Apotheosis,Iron Wave,True Grit,Dropkick,Battle Trance,Writhe
Strike_R,Strike_R,Defend_R,Defend_R,Defend_R,Bash,Clash,Whirlwind,Flex,Dropkick,Heavy Blade,Clash,Reaper,Reckless Charge,Thunderclap,Armaments,Ghostly Armor,Dropkick
Strike_R,Strike_R,Strike_R,Defend_R,Defend_R,Defend_R,Bash,Pummel,Metallicize,Shrug It Off,Battle Trance,Rampage,Apotheosis,Shrug It Off,Impervious,Combust,Shockwave,Bloodletting,Flame Barrier,Iron Wave,Feel No Pain,Pommel Strike,Battle Trance,Infernal Blade,Barricade
Strike_R,Strike_R,Strike_R,Defend_R,Defend_R,Defend_R,Bash,Pommel Strike,Flex,Thunderclap,Bloodletting,Rupture,Dual Wield,Metallicize,Brutality,Flame Barrier,Pummel,Blood for Blood
Strike_R,Strike_R,Strike_R,Strike_R,Defend_R,Defend_R,Defend_R,Defend_R,Bash,Dropkick,Flame Barrier,Flex,Anger,Metallicize,Armaments,Demon Form
Strike_R,Strike_R,Defend_R,Defend_R,Defend_R,Bash,Body Slam,Shrug It Off,Flame Barrier,Fire Breathing,Flex,Entrench,Demon Form,Metallicize,Pommel Strike,Body Slam,Battle Trance,Shrug It Off,Fire Breathing,Barricade,Armaments,Iron Wave
Strike_R,Strike_R,Strike_R,Defend_R,Defend_R,Defend_R,Defend_R,Bash,Heavy Blade,Iron Wave,Brutality,Rupture,Twin Strike,Flex,Warcry,Bloodletting,Apotheosis,Reaper,Iron Wave,Ghostly Armor,Blood for Blood,Battle Trance
Strike_R,Strike_R,Defend_R,Bash,Flame Barrier,Pommel Strike,Metallicize,Armaments,Metallicize,Warcry,Reaper,Shockwave,Exhume,Whirlwind,Battle Trance,Feel No Pain,Shrug It Off,Intimidate,Demon Form,Sever Soul,Clothesline,Inflame,Sadistic Nature
Strike_R,Strike_R,Strike_R,Strike_R,Defend_R,Defend_R,Defend_R,Defend_R,Bash,Ghostly Armor,Twin Strike,Headbutt,Rampage,Barricade,Impervious,Feed,Battle Trance
Strike_R,Strike_R,Strike_R,Defend_R,Defend_R,Bash,Perfected Strike,Ghostly Armor,Armaments,Metallicize,Pommel Strike,Demon Form,Armaments,Double Tap,Pommel Strike,Seeing Red,Inflame,Flame Barrier,Flex,Shrug It Off,Barricade,Entrench,Iron Wave,Twin Strike,Warcry
Strike_R,Strike_R,Strike_R,Strike_R,Defend_R,Defend_R,Bash,Flex,Ghostly Armor,Whirlwind,Armaments,Shrug It Off,Clash,Pommel Strike,Double Tap,Clash,True Grit,Shockwave,Feel No Pain,Clash,Anger,Sever Soul,Thunderclap,Offering,Flame Barrier,Infernal Blade
Strike_R,Strike_R,Defend_R,Defend_R,Defend_R,Bash,Iron Wave,Shrug It Off,Wild Strike,Evolve,Uppercut,Thunderclap,Flex,Infernal Blade,Limit Break,Inflame,Armaments,Battle Trance,Power Through,Offering,Shockwave,Twin Strike,Whirlwind,Wild Strike,Heavy Blade,Power Through,Writhe
Strike_R,Strike_R,Strike_R,Strike_R,Defend_R,Defend_R,Defend_R,Bash,Warcry,Corruption,Seeing Red,Feel No Pain,Fiend Fire,Battle Trance,Anger,Dual Wield,Armaments
Strike_R,Strike_R,Defend_R,Defend_R,Defend_R,Defend_R,Bash,Pommel Strike,Flex,Pummel,Thunderclap,Clothesline,Armaments,Inflame,Heavy Blade,Pummel,Demon Form,Shrug It Off,Iron Wave,Battle Trance,Double Tap,Heavy Blade,Combust,Seeing Red,Reaper,Madness,Dual Wield,Heavy Blade,Shrug It Off
Defend_R,Defend_R,Bash,Wild Strike,Wild Strike,Shrug It Off,Demon Form,Second Wind,Metallicize,Power Through,Finesse,Evolve,Reaper,Sword Boomerang,Warcry,Bite_R,Bite_R,Bite_R,Bite_R,Bite_R,Seeing Red,Immolate,Warcry,Battle Trance
Strike_R,Defend_R,Defend_R,Defend_R,Bash,Infernal Blade,Flex,Cleave,Offering,Twin Strike,Shockwave,Whirlwind,Armaments,Anger,Iron Wave,Offering,Battle Trance,Shrug It Off,Rampage,Sword Boomerang,Reaper,Impervious,Metallicize,Fire Breathing,Anger,Apotheosis
Strike_R,Strike_R,Strike_R,Strike_R,Defend_R,Defend_R,Defend_R,Bash,Armaments,Feel No Pain,Warcry,Sever Soul,Disarm,Shockwave,Pommel Strike,Reaper,Pummel,Inflame,Metallicize,Finesse,Dual Wield
Strike_R,Strike_R,Strike_R,Defend_R,Defend_R,Defend_R,Bash,Inflame,Metallicize,Armaments,Heavy Blade,Flex,Sword Boomerang,Warcry,Heavy Blade,Offering,Twin Strike,Shrug It Off
Strike_R,Strike_R,Strike_R,Defend_R,Defend_R,Bash,Pommel Strike,Iron Wave,Perfected Strike,Metallicize,Pommel Strike,Twin Strike,Perfected Strike,Shrug It Off,Twin Strike
Defend_R,Defend_R,Defend_R,Defend_R,Body Slam,Thunderclap,Barricade,Juggernaut,Rage,Rampage,Iron Wave,Iron Wave,Impervious,Shrug It Off,Battle Trance,Seeing Red,Body Slam,Impervious,Body Slam,Shrug It Off
Strike_R,Defend_R,Defend_R,Defend_R,Bash,Uppercut,Feed,Headbutt,Dropkick,Battle Trance,Dropkick,Berserk,True Grit,Headbutt,Shrug It Off,Shrug It Off,Armaments,Reaper,Dropkick,Limit Break,Regret,Flex,Thunderclap
Strike_R,Defend_R,Defend_R,Defend_R,Bash,Heavy Blade,Iron Wave,Battle Trance,Reaper,Sword Boomerang,Pummel,Shrug It Off,Flex,Limit Break,Heavy Blade,Inflame,Twin Strike,Dramatic Entrance,Intimidate,Flame Barrier,Battle Trance,Shrug It Off,Offering,Madness,Madness,Flex
Strike_R,Strike_R,Strike_R,Defend_R,Defend_R,Defend_R,Defend_R,Bash,Juggernaut,Ghostly Armor,Shrug It Off,Battle Trance,Metallicize,Pummel,Shrug It Off,Cleave,Iron Wave,Twin Strike,Body Slam,Offering,Armaments,Iron Wave
Strike_R,Strike_R,Strike_R,Strike_R,Defend_R,Defend_R,Defend_R,Defend_R,Bash,Thunderclap,Demon Form,Metallicize
Strike_R,Strike_R,Strike_R,Strike_R,Defend_R,Defend_R,Defend_R,Defend_R,Bash,Iron Wave,Power Through,Shockwave,Exhume
Strike_R,Strike_R,Defend_R,Defend_R,Defend_R,Defend_R,Bash,Sword Boomerang,Flex,Spot Weakness,Flash of Steel,Seeing Red,Demon Form,Battle Trance,Twin Strike,Sword Boomerang,Disarm,Shrug It Off,Panacea,Offering,Inflame,Reaper,Heavy Blade,Inflame,Feel No Pain,True Grit
Strike_R,Strike_R,Strike_R,Defend_R,Defend_R,Defend_R,Bash+1,Cleave,Power Through,Disarm,Whirlwind+1,Wild Strike+1,Immolate,True Grit+1,Evolve,Flex,Shrug It Off,Twin Strike,Wild Strike
Strike_R,Strike_R,Strike_R,Strike_R,Defend_R+1,Defend_R+1,Bash,Armaments+1,Thunderclap,Shrug It Off,Clothesline,Inflame,Metallicize+1,Offering,Rupture+1,J.A.X.,Flame Barrier,Whirlwind,Battle Trance,Evolve,Hemokinesis+1,Wild Strike+1
Strike_R+1,Strike_R+1,Strike_R+1,Defend_R+1,Defend_R+1,Defend_R+1,Defend_R+1,Bash+1,Fire Breathing+1,Anger,Iron Wave+1,Metallicize+1,Sword Boomerang,Shrug It Off,Rampage,Offering,Anger,Offering,Iron Wave+1,Shrug It Off+1,Battle Trance,Entrench+1,Pommel Strike+1,Flex+1,Intimidate+1
Strike_R+1,Strike_R+1,Strike_R+1,Defend_R+1,Defend_R+1,Defend_R+1,Pummel,Pommel Strike+1,Disarm,Shockwave+1,Heavy Blade,Inflame,Sword Boomerang,Shrug It Off,Limit Break+1,Sentinel+1,Exhume+1,Metallicize+1,Pummel+1,Shrug It Off,Metallicize,Pommel Strike+1,Reaper
Strike_R,Strike_R,Strike_R,Strike_R,Strike_R,Defend_R,Defend_R,Defend_R,Defend_R,Bash+1,Flex+1,Heavy Blade+1,Headbutt,Thunderclap,Inflame,Battle Trance,Entrench+1
Strike_R,Strike_R,Strike_R,Strike_R,Defend_R,Defend_R,Defend_R,Bash,Infernal Blade+1,Feel No Pain+1,Flex+1,Sword Boomerang+1,Shrug It Off,Warcry+1,Exhume,Clothesline,Metallicize+1,Reaper,Shrug It Off,Pummel+1,Burning Pact,Double Tap+1,Flame Barrier,Armaments+1,Reaper,Pain
Strike_R,Strike_R,Defend_R,Defend_R,Defend_R,Bash,Spot Weakness+1,Iron Wave,Pommel Strike+1,Flash of Steel,Iron Wave+1,Heavy Blade+1,Feed,Twin Strike,Headbutt+1,Armaments+1,Seeing Red+1,Flex,Limit Break
Strike_R,Defend_R,Bash,Flex+1,Metallicize+1,Heavy Blade,Metallicize+1,Finesse,Sword Boomerang+1,Reaper,Dropkick+1,Twin Strike,Limit Break,Heavy Blade,Spot Weakness,Clash
Defend_R+1,Defend_R,Bash,Iron Wave+1,Fire Breathing+1,Iron Wave+1,Sword Boomerang,Anger,Battle Trance,Metallicize+1,Cleave+1,Clothesline,Offering,Intimidate+1,Rupture+1,Flex+1,Hemokinesis+1,Flame Barrier+1,Disarm,Inflame,Shrug It Off,Offering,Whirlwind+1,Flame Barrier+1,Madness,Madness
Strike_R,Strike_R,Strike_R,Strike_R,Defend_R,Defend_R,Defend_R,Defend_R,Bash,Dropkick,Flame Barrier+1,Impervious,Uppercut,Whirlwind+1,Inflame,Flame Barrier,Juggernaut+1,Intimidate,Iron Wave,Shrug It Off,Good Instincts,Entrench
Strike_R,Strike_R,Defend_R,Defend_R,Defend_R,Defend_R,Bash,Reaper,Pommel Strike+1,Seeing Red,Searing Blow+4,Double Tap+1,Shockwave+1,Armaments+1,Hemokinesis+1,Battle Trance,Impervious+1,Thunderclap+1,Writhe,Spot Weakness,Shrug It Off+1,Iron Wave+1,Flame Barrier+1,Injury,Reaper,Writhe
Strike_R,Strike_R,Strike_R,Strike_R,Defend_R,Defend_R,Bash,Flame Barrier,Shrug It Off,Whirlwind+1,Seeing Red,Infernal Blade,Corruption
Strike_R,Strike_R,Strike_R,Defend_R,Defend_R,Defend_R,Bash,Clothesline,Pommel Strike+1,Disarm,Whirlwind+1,Shrug It Off,Limit Break,Battle Trance,Demon Form,Battle Trance,Armaments+1,Sword Boomerang,Inflame+1
Strike_R,Strike_R,Strike_R,Strike_R,Defend_R,Defend_R,Bash+1,Armaments+1,Inflame,Intimidate,Spot Weakness+1,Pummel+1,Reaper,Shrug It Off+1,Combust,Limit Break+1,Offering,Shrug It Off,Heavy Blade+1,Battle Trance,Rupture+1,Twin Strike,Impervious,Whirlwind+1,Madness,Heavy Blade+1,Exhume,Iron Wave+1,Shrug It Off
Strike_R,Strike_R,Defend_R,Defend_R,Defend_R,Bash,Clothesline,Flame Barrier+1,Shrug It Off+1,Flex+1,Seeing Red,Pommel Strike+1,Headbutt,Metallicize+1,Impervious,Offering,Wild Strike+1,Armaments+1,Whirlwind+1,Demon Form+1,Intimidate+1,Pummel,Twin Strike+1,Metallicize+1,Clumsy,Evolve+1
Strike_R,Strike_R,Strike_R,Strike_R,Defend_R,Defend_R,Defend_R,Bash+1,Metallicize+1,Spot Weakness+1,Iron Wave+1,Pommel Strike+1,Shrug It Off+1,Wild Strike+1,Reaper,Cleave,Necronomicurse,Good Instincts+1,Disarm+1,Perfected Strike+1,Whirlwind+1,Rage+1,True Grit+1,Clothesline+1,Flame Barrier+1,Metallicize+1,Limit Break,Shrug It Off+1
Strike_R,Defend_R,Metallicize+1,Sword Boomerang,Inflame+1,Sword Boomerang,Metallicize+1,Iron Wave,Reckless Charge,Heavy Blade,Pommel Strike,Double Tap,Armaments+1,Spot Weakness,Shrug It Off+1,Shockwave+1,Limit Break+1,Rampage+1,Entrench+1,Uppercut+1,Disarm,Madness,Madness,Shrug It Off,Whirlwind,Shrug It Off,Pummel+1
Strike_R+1,Strike_R+1,Strike_R+1,Defend_R+1,Defend_R+1,Defend_R+1,Defend_R+1,Bash,Immolate+1,Whirlwind+1,Power Through,Pommel Strike,Disarm,Wild Strike+1,Headbutt,Doubt,True Grit+1,Dark Embrace,Carnage+1,Double Tap+1,Evolve+1,Master of Strategy,Decay
Strike_R,Strike_R,Defend_R,Defend_R,Defend_R,Defend_R,Bash+1,Sword Boomerang,Flame Barrier+1,Wild Strike,Flex+1,Heavy Blade,Pummel,Sword Boomerang,Whirlwind,Combust,Flex+1,Double Tap,Bloodletting+1,Shrug It Off,Blood for Blood,True Grit+1,Metallicize+1
Strike_R+1,Defend_R+1,Bash+1,Iron Wave+1,Wild Strike+1,Feel No Pain+1,Evolve+1,Warcry+1,Battle Trance,Pommel Strike+1,True Grit+1,Fiend Fire+1,Infernal Blade+1,Whirlwind+1,Shrug It Off+1,Carnage+1,Impervious,True Grit+1,Inflame,Master of Strategy,Sever Soul+1,Pommel Strike+1,Thunderclap
Strike_R,Strike_R,Defend_R,Defend_R,Defend_R,Bash+1,Dropkick,Clothesline,Combust,Shockwave,Apotheosis,Cleave,Ghostly Armor,Limit Break,True Grit,Iron Wave+1,Power Through+1,Clothesline+1,Shrug It Off,Rupture
Strike_R+1,Defend_R,Defend_R,Bash+1,Offering,Wild Strike+1,Inflame+1,Sword Boomerang+1,Flex+1,Iron Wave+1,Disarm+1,Limit Break+1,Feed+1,Pummel+1,Combust+1,Sword Boomerang+1,Necronomicurse,Shrug It Off+1,Warcry,Whirlwind+1,Whirlwind+1,Uppercut+1,Battle Trance,Metallicize+1,Madness,Madness
Defend_R,Defend_R,Defend_R,Defend_R,Bash,Body Slam+1,Shrug It Off,Iron Wave,Iron Wave,Offering,Cleave,Body Slam+1,Flame Barrier+1,Barricade+1,True Grit+1,Armaments+1,Shrug It Off+1,Juggernaut+1,Flash of Steel,Shrug It Off,Impervious,Bloodletting,Battle Trance+1,Body Slam
Strike_R,Strike_R,Strike_R,Strike_R,Defend_R,Defend_R,Defend_R,Defend_R,Bash,Feed,Intimidate,Brutality,Rage,Metallicize,Inflame,Iron Wave+1
Strike_R,Strike_R,Strike_R,Strike_R+1,Defend_R,Defend_R,Defend_R+1,Defend_R,Bash,Warcry,True Grit+1,Uppercut,Hemokinesis,Metallicize,Wild Strike,Immolate+1,Armaments+1,Immolate,Evolve,Shrug It Off
Strike_R+1,Strike_R+1,Strike_R+1,Defend_R+1,Defend_R+1,Defend_R+1,Defend_R+1,Bash+1,Limit Break+1,Inflame+1,Intimidate,Pummel+1,Twin Strike,Offering,Flame Barrier+1,Shrug It Off+1,Battle Trance,Shrug It Off,Seeing Red+1,Headbutt,Cleave,Havoc+1,Necronomicurse,Reaper,Uppercut+1,Finesse,Sword Boomerang+1,Pommel Strike+1,Clothesline+1,Madness,Madness
Strike_R,Strike_R,Strike_R,Defend_R,Defend_R,Defend_R,Defend_R,Bash+1,Sword Boomerang+1,Twin Strike,Iron Wave+1,Cleave+1,Warcry,Offering,Infernal Blade+1,True Grit,Iron Wave+1,Metallicize,Disarm+1,Inflame,Injury,True Grit+1,Apotheosis+1,Decay
Strike_R,Strike_R,Defend_R,Bash,Combust,Blood for Blood,Metallicize+1,Infernal Blade+1,Shrug It Off,Armaments+1,Flex,Cleave,Pommel Strike+1,Shrug It Off,Iron Wave,Demon Form+1,Battle Trance,Intimidate,Sword Boomerang,Armaments+1,Limit Break,Feed,Madness,Madness,Offering,Warcry+1,Metallicize,Heavy Blade,Shrug It Off+1
Strike_R,Strike_R,Strike_R,Defend_R,Defend_R,Defend_R,Bash,True Grit+1,Wild Strike,Armaments+1,Metallicize,Thunderclap,Iron Wave,Reaper,Cleave,Clothesline
Strike_R,Strike_R,Strike_R,Defend_R,Defend_R,Defend_R,Defend_R,Bash+1,Pommel Strike,Reaper,Thunderclap,Wild Strike+1,Shrug It Off+1,Perfected Strike+1,Flame Barrier+1,Perfected Strike+1,Flex+1,Armaments+1,Offering,Shrug It Off+1,Whirlwind+1,Wild Strike,Iron Wave+1,Thunderclap+1,Shrug It Off+1,Battle Trance+1,Madness,Madness
Strike_R,Strike_R,Defend_R,Defend_R,Defend_R,Bash,Juggernaut+1,Ghostly Armor,Shrug It Off,Battle Trance,Metallicize+1,Pummel,Shrug It Off,Cleave,Iron Wave,Twin Strike+1,Offering,Body Slam+1,Armaments+1,Iron Wave,Body Slam+1,Disarm+1,True Grit+1,Barricade+1,Iron Wave,Shrug It Off+1,Metallicize+1
Strike_R,Strike_R,Strike_R,Defend_R,Defend_R,Bash,Armaments+1,Rampage+1,Cleave,Rampage,Shrug It Off,Evolve+1,Shrug It Off,Dropkick+1,Battle Trance,Thunderclap
Strike_R,Strike_R,Defend_R,Defend_R,Defend_R,Defend_R,Bash,Offering,Cleave,Rupture,Pommel Strike+1,Clothesline,Flex+1,Disarm+1,Headbutt,Blood for Blood+1,Warcry,Double Tap+1,Hemokinesis+1,Combust+1,Shrug It Off+1,Reaper,Intimidate+1,Madness,Madness,Limit Break+1,Shrug It Off+1
Strike_R,Strike_R,Defend_R,Defend_R,Bash+1,Armaments+1,Inflame+1,Rampage+1,Inflame+1,Pommel Strike,Shrug It Off,Fire Breathing+1,Clothesline+1,Thunderclap+1,Intimidate,True Grit+1,Seeing Red+1,Whirlwind,Flame Barrier,Headbutt+1
Strike_R,Strike_R+1,Strike_R,Strike_R+1,Defend_R,Defend_R,Defend_R,Bash+1,Thunderclap,Armaments+1,Spot Weakness+1,Heavy Blade+1,Inflame+1,Seeing Red+1,Flame Barrier+1,Sword Boomerang+1,Reaper+1,Metallicize+1,Necronomicurse,Flex+1,True Grit+1,Shrug It Off+1,Uppercut+1,Impervious+1,Battle Trance+1,Madness+1,Madness+1
Strike_R,Strike_R,Strike_R,Strike_R,Strike_R,Defend_R+1,Defend_R,Bash+1,Rage+1,Perfected Strike+1,Metallicize+1,Perfected Strike+1,Disarm+1,Swift Strike,Twin Strike,Intimidate+1,Armaments+1,Cleave+1,Necronomicurse,Wild Strike+1,Shrug It Off+1,True Grit+1,Shrug It Off+1,Pommel Strike+1,Pommel Strike,Madness,Madness
Strike_R,Defend_R,Defend_R,Defend_R,Bash,Shrug It Off+1,True Grit+1,Inflame+1,Twin Strike,Offering,Cleave+1,Shrug It Off+1,Heavy Blade+1,Offering,Flex+1,Sword Boomerang+1,Dropkick,Whirlwind+1,Reaper,Thunderclap,Rampage+1,Impervious,Rampage+1,Bandage Up+1,Seeing Red+1,Iron Wave+1
Bash,Pummel,Thunderclap,Sword Boomerang+1,Disarm,Shrug It Off+1,Pommel Strike,Shrug It Off,Wild Strike,Flex,Demon Form,Shrug It Off+1,Ghostly Armor+1,Heavy Blade+1,Battle Trance+1,Twin Strike,Reaper,Shockwave,Flex,Armaments+1,Pommel Strike,Heavy Blade,Inflame+1,Iron Wave,Iron Wave,True Grit+1,Rage+1
Strike_R,Strike_R,Strike_R,Defend_R,Defend_R,Defend_R+1,Defend_R,Bash,Armaments,Rampage+1,Shrug It Off,Cleave,True Grit+1,Warcry,Headbutt,Warcry,Apotheosis+1,Rampage,Finesse,Metallicize+1,Spot Weakness,Pommel Strike+1,Double Tap+1,Flex+1,Rampage,Shockwave+1
Strike_R+1,Strike_R+1,Defend_R+1,Defend_R+1,Bash,Twin Strike,Inflame+1,Cleave,Flex+1,Whirlwind+1,Iron Wave,Impervious,Shrug It Off+1,Pummel,Whirlwind+1,Shrug It Off+1,Demon Form+1,Shrug It Off+1,Injury,Writhe,Ghostly Armor+1,Seeing Red
Strike_R,Strike_R,Defend_R,Defend_R,Defend_R,Defend_R,Bash,Feed,Flex+1,Thunderclap+1,Impervious,Shrug It Off+1,Inflame+1,Reaper,Shrug It Off,Wild Strike+1,Fiend Fire,Entrench+1,Pommel Strike+1,Sword Boomerang,Metallicize+1,Intimidate+1,Warcry+1,Seeing Red+1,Exhume,Iron Wave,True Grit+1,Madness,Madness,Warcry,Clothesline+1,Iron Wave+1
Strike_R+1,Defend_R+1,Defend_R+1,Defend_R+1,Bash+1,Rampage+1,Cleave+1,Offering+1,Shockwave+1,Shrug It Off+1,Shrug It Off+1,Flame Barrier+1,Bloodletting+1,Iron Wave+1,Battle Trance+1,Pommel Strike+1,Flex+1,Rampage+1,Clothesline+1,Reaper+1,Whirlwind+1,Madness+1,Madness
Strike_R,Strike_R,Strike_R,Strike_R,Defend_R,Defend_R,Defend_R,Defend_R,Bash,Clothesline,Body Slam+1,Double Tap+1,Flex,Metallicize,Spot Weakness,Shrug It Off+1,Dramatic Entrance,Sword Boomerang+1,Limit Break+1,Wild Strike+1,Battle Trance,J.A.X.,Metallicize,Armaments,Heavy Blade+1,Madness,Madness,True Grit+1,Intimidate,Finesse,Disarm+1,Heavy Blade,Shrug It Off,Ghostly Armor
Strike_R,Strike_R,Strike_R,Defend_R,Defend_R,Defend_R,Defend_R,Bash,Feed,Pommel Strike,Rampage+1,Shrug It Off+1,Whirlwind+1,Intimidate+1,Armaments+1,Shrug It Off+1,Spot Weakness+1,Double Tap+1,Rampage+1,Bloodletting+1,Flame Barrier+1,Flex,Metallicize,Inflame+1,Impervious,Iron Wave+1
Strike_R,Strike_R,Defend_R,Defend_R,Defend_R,Bash,Combust,Twin Strike,Warcry+1,Reckless Charge+1,Armaments+1,Anger,Ghostly Armor,Double Tap,Uppercut+1,True Grit,Apotheosis+1,True Grit,Shockwave,Rage+1,Flex,Demon Form+1,Whirlwind+1,Iron Wave+1,Heavy Blade+1,Cleave+1,Iron Wave+1
Strike_R,Strike_R,Strike_R,Defend_R,Defend_R,Defend_R,Defend_R,Bash,Limit Break+1,Shrug It Off,Rampage,Flex,Whirlwind,Inflame,Sword Boomerang,Headbutt,Uppercut,Disarm+1,Shockwave,Flame Barrier,Shrug It Off,True Grit+1,Demon Form,Clothesline+1,Spot Weakness+1,Shrug It Off
Strike_R,Strike_R+1,Defend_R,Defend_R,Defend_R,Bash,Armaments+1,Metallicize+1,Flex+1,Battle Trance,Offering,Inflame+1,Shrug It Off,Double Tap+1,Pommel Strike+1,Thunderclap+1,Iron Wave+1,Spot Weakness,Rupture+1,Shockwave+1,Reaper,Hemokinesis,Body Slam+1,Reaper,Whirlwind+1,Shrug It Off+1,Heavy Blade+1,Limit Break+1,Shrug It Off+1
Strike_R,Strike_R,Strike_R,Strike_R,Defend_R,Defend_R+1,Defend_R,Bash+1,Perfected Strike+1,Warcry,Pommel Strike+1,Ghostly Armor+1,Good Instincts,Metallicize+1,Disarm+1,Pommel Strike,Armaments+1,Wild Strike,Headbutt+1,Reaper,Trip+1,Intimidate,Metallicize+1,Iron Wave,Wild Strike+1,J.A.X.,Twin Strike,Offering,True Grit+1,Shrug It Off+1,Inflame+1,Evolve,Perfected Strike+1
Strike_R,Strike_R,Strike_R,Strike_R,Defend_R,Defend_R,Defend_R,Bash+1,Thunderclap+1,Flex+1,Clash+1,Battle Trance,Ghostly Armor,Warcry,Double Tap+1,Iron Wave+1,Searing Blow+1,Clash+1,Rage+1,Whirlwind+1,Intimidate+1,True Grit+1,Injury,Metallicize,Thunderclap+1
Strike_R,Strike_R,Strike_R,Defend_R,Defend_R,Defend_R,Defend_R,Bash,True Grit+1,Carnage+1,Intimidate+1,Inflame+1,Fiend Fire+1,Spot Weakness,Panacea+1,Cleave,Demon Form+1,Pommel Strike+1,Heavy Blade+1,Seeing Red+1,Feel No Pain+1,Sentinel+1,Reaper,Shrug It Off+1,Reaper,Warcry+1,Pain,Seeing Red
Strike_R,Strike_R,Defend_R,Defend_R,Defend_R,Defend_R,Bash,Body Slam+1,Shrug It Off+1,Disarm,Thunderclap,Normality,Pommel Strike,Twin Strike,True Grit+1,Body Slam+1,Bandage Up,Spot Weakness,Immolate,Shrug It Off+1,Uppercut,Flame Barrier+1,Armaments+1
Strike_R,Strike_R,Strike_R,Strike_R,Strike_R,Defend_R,Defend_R,Defend_R,Defend_R,Bash,Clothesline,Combust,Panacea,Carnage+1,Hemokinesis+1,Battle Trance,Double Tap,Shrug It Off,Flex+1,Pummel
Strike_R,Strike_R,Strike_R,Defend_R,Defend_R,Bash+1,Shrug It Off,Thunderclap,Flame Barrier+1,Armaments+1,Inflame+1,Offering,Blind,Warcry,Barricade+1,Thunderclap+1,Bloodletting+1,Reaper+1,True Grit+1,Sword Boomerang+1,Impervious,Disarm,Sentinel+1,Shrug It Off+1,Body Slam+1,Body Slam+1,Iron Wave+1
Strike_R,Strike_R,Strike_R,Defend_R,Defend_R,Defend_R+1,Bash,Uppercut+1,Iron Wave+1,Carnage+1,Shockwave+1,True Grit+1,Shrug It Off,Apotheosis+1,Dramatic Entrance+1,Metallicize+1,Impervious,Flex+1,Rampage+1,Reaper,Clothesline+1,Impervious,Offering,Madness,Madness,Metallicize+1
Strike_R,Strike_R,Strike_R,Defend_R,Defend_R,Defend_R+1,Defend_R+1,Bash+1,Intimidate,Shrug It Off,Disarm+1,Spot Weakness+1,Thunderclap,Flex+1,Impervious,Offering,Pommel Strike,Whirlwind+1,Evolve+1,Apotheosis+1,Heavy Blade+1,Cleave+1,Metallicize+1,Iron Wave+1,Shrug It Off,Warcry
Strike_R,Strike_R,Defend_R,Defend_R,Defend_R,Bash,Pummel,Iron Wave,Rampage,Armaments,Metallicize+1,Flame Barrier,Apotheosis+1,Inflame+1,Warcry,Shockwave,Reaper,Wild Strike,Warcry,J.A.X.,Cleave+1,Heavy Blade,Battle Trance
Strike_R+1,Strike_R+1,Strike_R+1,Defend_R+1,Defend_R+1,Defend_R+1,Bash+1,Seeing Red,Headbutt,Flame Barrier+1,Disarm+1,Battle Trance,Iron Wave,Anger,Cleave,Warcry+1,Bludgeon+1,Inflame+1,Warcry,Limit Break+1,Flex+1,Shrug It Off+1,Pummel,Bloodletting,Pummel+1,Shrug It Off,Panacea,Thunderclap+1,Armaments+1
Strike_R,Strike_R,Strike_R,Strike_R,Strike_R,Defend_R,Defend_R,Defend_R,Defend_R,Bash
Strike_R,Strike_R,Strike_R,Defend_R,Defend_R,Defend_R,Defend_R,Bash,Hemokinesis+1,Headbutt,Thunderclap,Seeing Red+1,Double Tap+1,Blind+1,True Grit+1,Shrug It Off+1,Reaper,Metallicize+1,Reaper+1,Warcry+1,Whirlwind+1,Trip+1,Blood for Blood+1,Uppercut,Shockwave+1,Power Through+1,Flame Barrier+1,Madness,Madness,Sentinel+1,Sadistic Nature,Burning Pact,Inflame,Warcry+1
Strike_R,Strike_R,Strike_R,Strike_R,Strike_R,Defend_R,Defend_R,Defend_R,Defend_R
Strike_R,Strike_R,Strike_R,Strike_R,Defend_R,Defend_R,Defend_R,Bash,Perfected Strike+1,Flame Barrier+1,Shrug It Off+1,Mind Blast,Pommel Strike+1,Wild Strike+1,Combust+1,Twin Strike,Evolve+1,Offering,Iron Wave,Shrug It Off+1,Perfected Strike+1,Flame Barrier,Perfected Strike+1,Madness,Disarm+1,Warcry,Rupture,Wild Strike+1
Strike_R,Strike_R,Strike_R,Strike_R,Defend_R,Defend_R,Defend_R,Defend_R,Bash,Battle Trance,Rampage+1,Double Tap+1,Demon Form,Good Instincts,Flex+1,Whirlwind,Headbutt,Combust+1,Fire Breathing+1,Reaper,J.A.X.,Blind+1,Flame Barrier+1,Inflame+1,True Grit+1,Heavy Blade,Offering,Shrug It Off
Strike_R,Strike_R,Strike_R,Strike_R,Defend_R,Defend_R,Defend_R,Bash+1,Perfected Strike+1,Pommel Strike,Dual Wield+1,Armaments+1,Shrug It Off,Pommel Strike,True Grit+1,Warcry,Rampage+1,Perfected Strike+1,Swift Strike,Wild Strike,Metallicize+1,Shrug It Off
Strike_R,Strike_R+1,Defend_R,Defend_R,Defend_R,Defend_R,Bash,Feed,Body Slam+1,Entrench+1,Shrug It Off,Blind+1,Offering,Flex,Pommel Strike+1,Body Slam+1,Combust,Shrug It Off+1,Bloodletting,Barricade+1,Ghostly Armor+1,Flame Barrier+1,Clumsy,Warcry+1,Disarm,Shrug It Off+1
Strike_R,Strike_R,Strike_R,Strike_R,Strike_R,Defend_R,Defend_R+1,Defend_R,Defend_R,Bash,Carnage+1,Double Tap+1,Shrug It Off,Shrug It Off,Bloodletting+1,Ghostly Armor+1,Iron Wave,Pommel Strike,Impervious,Rupture+1,Enlightenment,Rupture+1,Reaper,Heavy Blade+1
Strike_R,Strike_R,Strike_R,Strike_R,Defend_R,Defend_R,Defend_R,Defend_R,Bash+1,Warcry,Limit Break+1,Thunderclap,Sword Boomerang,Inflame,True Grit+1,Cleave,Shrug It Off+1,Twin Strike,Double Tap+1,Heavy Blade,Fire Breathing+1
Strike_R,Strike_R,Strike_R,Strike_R+1,Strike_R,Defend_R,Defend_R,Defend_R+1,Defend_R,Bash,Thunderclap,Spot Weakness+1,Whirlwind,Metallicize,Pummel,Shrug It Off,Intimidate,Battle Trance,Armaments+1,Trip+1,Pummel,Heavy Blade+1,Impervious+1,Uppercut,Iron Wave+1,Decay,Pommel Strike,Shockwave+1,Good Instincts,Flex+1,Writhe,Clumsy,Fire Breathing+1,Evolve+1
Strike_R,Strike_R,Strike_R,Strike_R,Strike_R,Defend_R,Defend_R,Defend_R,Defend_R,Bash,Thunderclap+1,Pommel Strike+1,Uppercut+1,Feed,Shockwave+1,Warcry+1,True Grit+1,Double Tap+1,Wild Strike,Shrug It Off+1,J.A.X.+1,Flex+1,Sadistic Nature+1,Brutality+1,Disarm,Armaments+1,Cleave+1,Battle Trance,Intimidate+1,True Grit+1,Finesse
Strike_R,Strike_R,Strike_R,Strike_R,Strike_R,Defend_R,Defend_R,Defend_R,Perfected Strike+1,Bloodletting,Perfected Strike+1,Rupture+1,Intimidate,Perfected Strike+1,Wild Strike+1,Perfected Strike+1,Disarm,Reaper,Shrug It Off,True Grit+1,Metallicize,Perfected Strike,Seeing Red+1,Double Tap+1,Armaments+1,Battle Trance,Madness,Madness,Inflame,Shrug It Off+1,Demon Form
Strike_R,Strike_R,Strike_R,Strike_R,Defend_R,Defend_R,Defend_R,Bash,Rage,Exhume
Strike_R,Defend_R,Defend_R+1,Defend_R,Defend_R,Bash,Inflame+1,Blind+1,Double Tap+1,Armaments+1,Combust,Flex+1,Bludgeon+1,Pommel Strike+1,Ghostly Armor,Heavy Blade+1,Shrug It Off+1,Battle Trance,Demon Form,Reaper,Disarm+1,Sword Boomerang+1,Limit Break+1,Warcry,Inflame+1,Metallicize+1,Ghostly Armor+1,Whirlwind
Strike_R,Strike_R,Strike_R,Strike_R,Defend_R,Defend_R,Defend_R,Defend_R,Bash,Cleave,Flame Barrier+1,Thunderclap,Metallicize+1,Pommel Strike+1,Bloodletting,Rampage+1,Battle Trance,Pommel Strike,Impervious,Iron Wave+1,Trip+1,Shrug It Off+1,Rupture+1,Clothesline+1,Flex
Strike_R+1,Strike_R+1,Strike_R+1,Strike_R+1,Strike_R+1,Defend_R+1,Defend_R+1,Defend_R+1,Defend_R+1,Bash,Disarm,Entrench+1,Armaments+1,Impervious+1,Barricade+1,Inflame+1,Reaper,Ghostly Armor+1,Thunderclap,J.A.X.+1,Shrug It Off,Body Slam+1,Body Slam+1,Dramatic Entrance,Ghostly Armor,Shrug It Off,Uppercut+1,Impervious
Strike_R+1,Strike_R+1,Strike_R+1,Strike_R+1,Defend_R+1,Defend_R+1,Defend_R+1,Defend_R+1,Bash,Clothesline,Dropkick,Uppercut+1,Flash of Steel,True Grit,Armaments+1,Warcry,Thunderclap,Disarm+1,Cleave,Offering,Iron Wave,Apotheosis+1,Inflame,Flex,Rampage
Strike_R+1,Strike_R+1,Strike_R+1,Defend_R+1,Defend_R+1,Defend_R+1,Defend_R+1,Bash,Sword Boomerang+1,Whirlwind+1,Bloodletting,Clothesline,Rage+1,Disarm+1,Hemokinesis+1,Clash,Flex,Offering,Anger,Armaments+1,Fire Breathing,Inflame+1,Limit Break+1,Intimidate,Rage+1,Demon Form+1,Shrug It Off+1
Strike_R,Strike_R,Strike_R,Defend_R,Defend_R,Defend_R,Bash,Thunderclap+1,Barricade+1,Shrug It Off+1,Flex,Armaments+1,Metallicize,Shrug It Off,Flame Barrier+1,Body Slam+1,Entrench+1,Iron Wave,Entrench+1,Rage+1,Whirlwind+1,Iron Wave+1,Cleave+1,Madness+1,Madness+1
Strike_R,Strike_R,Strike_R,Defend_R+1,Defend_R,Defend_R,Bash,Rampage+1,Rampage+1,Battle Trance,Iron Wave,Warcry,Shrug It Off+1,Apotheosis+1,Uppercut,Offering,Shrug It Off+1,Headbutt,Flame Barrier+1,Flex,Whirlwind+1,Impervious+1,Metallicize+1,Inflame+1
Strike_R,Strike_R+1,Strike_R,Defend_R,Defend_R,Defend_R,Defend_R,Bash,Metallicize+1,Hemokinesis+1,Cleave+1,Inflame+1,Combust,Infernal Blade+1,Battle Trance+1,True Grit+1,Shrug It Off+1,Spot Weakness+1,Blind+1,Iron Wave+1,Limit Break+1,Sword Boomerang+1,Flame Barrier,Blood for Blood+1,Metallicize+1,Heavy Blade+1,Disarm,Reaper
Strike_R,Strike_R,Defend_R,Defend_R,Defend_R+1,Defend_R,Bash+1,Bloodletting,Shrug It Off,Sword Boomerang,Body Slam+1,Armaments+1,Cleave,Rampage,Metallicize+1,Reaper,Ghostly Armor,Inflame+1,Reaper,Warcry+1,Combust,Blood for Blood,Shrug It Off,Limit Break+1,Disarm+1,Offering,Warcry,Whirlwind+1,Intimidate+1,Madness,Madness
Strike_R+1,Strike_R+1,Strike_R+1,Defend_R+1,Defend_R+1,Defend_R+1,Defend_R+1,Perfected Strike+1,Flex+1,Disarm+1,Reaper,Shockwave+1,Shrug It Off,Armaments+1,Offering,Intimidate,Clothesline,Necronomicurse,Uppercut+1,Rage+1,Pommel Strike,Twin Strike,Shrug It Off+1,Metallicize+1,Perfected Strike+1,Parasite,Madness,Madness
Strike_R,Strike_R,Defend_R,Defend_R,Defend_R,Bash+1,Metallicize+1,Flash of Steel,Shrug It Off,Pommel Strike,Limit Break+1,Cleave,Rampage,Intimidate,Inflame,Rage+1,Double Tap,Twin Strike,Shrug It Off,Pummel,Whirlwind,Rage+1,Shrug It Off+1,Armaments+1,Heavy Blade,Warcry+1,Whirlwind+1,Apotheosis+1,Warcry,Impervious,Intimidate+1,Battle Trance
Strike_R,Strike_R,Strike_R,Defend_R,Defend_R,Defend_R,Bash+1,Combust+1,Pommel Strike,Intimidate,Headbutt,Metallicize+1,Cleave+1,Shockwave+1,Flex+1,Ghostly Armor+1,Battle Trance,Uppercut+1,Disarm
Strike_R+1,Strike_R+1,Defend_R,Defend_R,Defend_R,Bash,Inflame,Rampage+1,Pommel Strike,Rage+1,Headbutt+1,Clash+1,Iron Wave+1,Thunderclap+1,Brutality,Whirlwind+1,Flame Barrier+1,Iron Wave+1,Trip+1,Shrug It Off+1,Rampage+1,Offering,Sword Boomerang+1,Rupture+1,Ghostly Armor+1,Heavy Blade+1,Dark Shackles+1,Pummel+1
Strike_R,Strike_R,Strike_R,Strike_R,Strike_R,Defend_R,Defend_R,Bash,Cleave+1,Shrug It Off+1,Metallicize+1,Thunderclap+1,Clash,Pommel Strike+1,Clash,Metallicize+1,Feed,Spot Weakness+1,Dark Shackles,Shockwave+1,Iron Wave+1,Sever Soul+1,Headbutt,Double Tap+1,Bandage Up,Rage+1,Inflame,Flex+1
Strike_R,Strike_R,Defend_R,Defend_R,Defend_R,Bash,Flame Barrier+1,Spot Weakness+1,Flash of Steel,Rage+1,Sword Boomerang,Anger+1,Limit Break+1,Heavy Blade+1,Inflame+1,Apotheosis+1,Disarm+1,Uppercut,Shrug It Off,Iron Wave+1,Metallicize+1,Metallicize+1
Strike_R,Strike_R,Strike_R,Defend_R,Defend_R,Defend_R,Bash+1,Flame Barrier,Combust,Sword Boomerang+1,Metallicize+1,Cleave,Demon Form,Thunderclap+1,Sword Boomerang+1,Pommel Strike,Whirlwind+1,Intimidate
Strike_R+1,Strike_R+1,Strike_R+1,Strike_R+1,Defend_R+1,Defend_R+1,Defend_R+1,Bash+1,Body Slam+1,Shockwave+1,Perfected Strike+1,Double Tap+1,Cleave+1,Pommel Strike+1,Perfected Strike+1,Brutality,Twin Strike,Perfected Strike+1,Offering+1,Metallicize+1,Evolve+1,Thunderclap+1,True Grit+1
Strike_R,Strike_R,Defend_R,Defend_R,Defend_R,Bash+1,Demon Form+1,Twin Strike,Pummel+1,Flame Barrier+1,Pummel+1,Pommel Strike+1,Reaper,Shrug It Off+1,Armaments+1,True Grit+1,Uppercut+1,Ghostly Armor+1,Flex+1,Heavy Blade+1,Iron Wave+1,Limit Break+1,Dark Shackles+1,Seeing Red+1,Disarm+1
Strike_R+1,Strike_R+1,Defend_R+1,Defend_R+1,Defend_R+1,Bash,Body Slam+1,Warcry,Flame Barrier,Armaments+1,Finesse+1,Uppercut,Inflame,Reaper,Offering,Sword Boomerang+1,Flame Barrier+1,True Grit+1,Heavy Blade+1,Disarm,Thunderclap+1,Demon Form+1,Sword Boomerang+1,Battle Trance+1,Iron Wave,Shrug It Off+1,Offering,Disarm
Strike_R,Strike_R+1,Strike_R+1,Defend_R,Defend_R,Defend_R,Defend_R,Bash+1,Cleave,Flex+1,Whirlwind+1,Disarm,Pummel+1,Sword Boomerang+1,Demon Form+1,Armaments+1,Rage+1,Heavy Blade+1,Shrug It Off+1,Iron Wave+1,Shockwave+1,Reaper,Warcry+1,Madness
Strike_R+1,Strike_R+1,Strike_R+1,Defend_R+1,Defend_R+1,Defend_R+1,Seeing Red,Spot Weakness+1,Cleave+1,Metallicize+1,Thunderclap,Feed+1,Uppercut+1,Iron Wave,Limit Break+1,Pummel+1,Evolve,Heavy Blade+1,Reaper,Warcry+1,Shrug It Off+1,Flex+1,Battle Trance,Offering,Twin Strike,Wild Strike,Impervious+1,Trip+1,Metallicize+1
Strike_R,Strike_R,Strike_R,Strike_R,Defend_R,Defend_R,Bash,Metallicize+1,Infernal Blade+1,Iron Wave+1,Pommel Strike+1,Impervious,Shrug It Off+1,Perfected Strike+1,Body Slam+1,Shrug It Off,Pommel Strike+1,Thunderclap+1,Cleave+1,Disarm,Rage+1,Perfected Strike+1
Strike_R,Strike_R,Strike_R,Defend_R,Defend_R,Defend_R,Defend_R,Bash+1,Twin Strike,Metallicize+1,Twin Strike,Battle Trance,Feel No Pain+1,Warcry+1,Sentinel
Strike_R+1,Defend_R+1,Defend_R,Defend_R,Bash,Rage+1,Body Slam+1,Pommel Strike+1,Whirlwind+1,Metallicize,Cleave,Double Tap+1,Disarm+1,Intimidate,Flex,Shrug It Off,Inflame+1,Pommel Strike+1,Uppercut+1,Trip+1,Evolve+1,Ghostly Armor+1,Impervious,Shockwave+1
Strike_R,Strike_R,Strike_R,Defend_R,Defend_R,Defend_R,Defend_R,Bash,Clash+1,Second Wind,Trip+1,Body Slam+1,Thunderclap+1,Intimidate+1,Exhume,Iron Wave+1,Pommel Strike+1,Flex+1,Disarm,Whirlwind+1,Ghostly Armor,Parasite,Combust
Strike_R,Strike_R+1,Strike_R+1,Defend_R,Defend_R,Bash+1,Spot Weakness+1,Cleave+1,Rage+1,Sword Boomerang+1,Iron Wave,Body Slam+1,Inflame,Double Tap+1,Ghostly Armor,Warcry+1,Pommel Strike,Twin Strike+1,Metallicize+1,Finesse,Twin Strike,Heavy Blade+1,Pummel+1,Evolve,Panache+1,Sword Boomerang+1
Strike_R,Strike_R,Strike_R,Strike_R,Defend_R,Defend_R,Defend_R,Defend_R,Bash,Disarm,Pommel Strike,Thunderclap+1,Feel No Pain+1,Flash of Steel,Shrug It Off,Reaper,Whirlwind+1,Rage+1,Shrug It Off,Immolate,Flex,Carnage,Warcry
Defend_R+1,Defend_R+1,Defend_R+1,Defend_R+1,Bash+1,Barricade+1,Iron Wave+1,Body Slam+1,Cleave+1,Offering+1,Entrench+1,Flame Barrier+1,Flame Barrier+1,Offering+1,Body Slam+1,Shrug It Off+1,Rage+1,Iron Wave+1,True Grit+1,Headbutt+1,Cleave+1,Impervious+1,Madness+1,Madness+1
Strike_R,Strike_R,Strike_R,Strike_R,Defend_R+1,Defend_R+1,Defend_R,Bash,Cleave,Heavy Blade,Flame Barrier+1,Hemokinesis,Warcry,Impervious,Rupture+1,Sword Boomerang,Flex,Metallicize,Pommel Strike+1,Whirlwind
Strike_R+1,Strike_R,Defend_R,Defend_R,Defend_R,Bash+1,Metallicize+1,Battle Trance,Perfected Strike+1,Warcry,Impervious,Apotheosis+1,Uppercut,Flame Barrier+1,Reaper,Exhume,Inflame+1,Shrug It Off,Body Slam+1,Wild Strike+1,Blind+1,Shrug It Off,True Grit+1,Limit Break+1,Second Wind+1,Flex,Heavy Blade,Secret Weapon,Perfected Strike,Perfected Strike+1,Shrug It Off,Disarm
